Workbook
Name _13APR18: #REF!
Name _13APR18: #REF!
Name _13APR18: #REF!
Name _13APR18: #REF!
Name _13MAR18: #REF!
Name _13MAR18: #REF!
Name _13MAR18: #REF!
Name _16MAR18: #REF!
Name _16MAR18: #REF!
Name _16MAR18: #REF!
Name asdasdsad: #REF!
Name asdsd: #REF!
Name asdsd: #REF!
Name BENCHMARK_DATA: Completeness!$B$10:$AF$110
Name DATA1_CLM_ACT_HDRS: DATA_DOWNLOADS!$B$1:$Y$1
Name DATA2_PLAN_ACO: DATA_DOWNLOADS!$B$2:$C$2
Name DATA3_MISS_DATA: DATA_DOWNLOADS!$B$3:$Q$3
Name DATA4_DATE_STRINGS: DATA_DOWNLOADS!$B$4:$F$4
Name DATA5_TIMELINESS_COUNTS: DATA_DOWNLOADS!$B$5:$O$5
Name DATA6_ACO_NAMES: DATA_DOWNLOADS!$B$6:$E$6
Name DATA7_BENCHMARK_COUNT: DATA_DOWNLOADS!$B$7:$C$7
Name DATA8_TIMELINESS_STRINGS: DATA_DOWNLOADS!$B$8:$K$8
Name FAILS_DATA: 'Failure Claims Listing'!$B$11:$S$1010
Name sad: #REF!
Name sad: #REF!
Name TIMELINESS: Timeliness!$C$10:$I$99

Sheet Cover
B2: MCO/ACPP Encounter Data Scorecard
B3: =DATA_DOWNLOADS!C1 -> 0
B4: =DATA_DOWNLOADS!C6 -> 0
B5: Contract Manager(s): | C5: =DATA_DOWNLOADS!D6 -> 0
B6: Performance Manager(s): | C6: =DATA_DOWNLOADS!E6 -> 0
B7: Month(s) of Service: | C7: =DATA_DOWNLOADS!F4 -> 0
B10: Table of Contents | C10: Description
B11: Summary | C11: Summary of performance
B12: Timeliness | C12: Detailed 4 month view of file submissions and their adherence to timeliness standards
B13: Completeness | C13: Detailed 4 month view of data field completion rates as scored by specified measures
B14: Failure Claims Listing | C14: Sample failure claims listing for data fields not meeting benchmark threshold
B15: Appendix A | C15: Benchmark completion definitions
B16: Appendix B | C16: Claim type definitions and select revenue codes
B20: Note: DWI responsible for processing full data scorecard as of January 2019

Sheet Summary
C2: MCO/ACPP Encounter Data Scorecard
C3: MCO: | D3: ACPP:
C4: =DATA_DOWNLOADS!B2 -> 0 | D4: =DATA_DOWNLOADS!D2 -> 0
C5: Date of Report:
C6: =DATA_DOWNLOADS!D1 -> 0
C7: Months of Service Contained:
C8: =DATA_DOWNLOADS!F4 -> 0
C11: Pending Risks
C12: =DATA_DOWNLOADS!D8 -> 0
C13: =DATA_DOWNLOADS!H8 -> 0
C16: =DATA_DOWNLOADS!E8 -> 0
C17: =DATA_DOWNLOADS!I8 -> 0
C20: =DATA_DOWNLOADS!F8 -> 0
C21: =DATA_DOWNLOADS!J8 -> 0
C24: =DATA_DOWNLOADS!G8 -> 0
C25: =DATA_DOWNLOADS!K8 -> 0
C29: Files Loaded and Processed | I29: Completeness Benchmarks Missed
C30: Last 6 rolling months | I30: Month of Service | J30: =DATA_DOWNLOADS!C7 -> 0 | K30: As Percentage
C31: Month File Created | D31: # of Files Loaded: | I31: =DATA_DOWNLOADS!B4 -> 0 | J31: =DATA_DOWNLOADS!B3 -> 0 | K31: =DATA_DOWNLOADS!B3/DATA_DOWNLOADS!B7 -> #DIV/0!
C32: =DATA_DOWNLOADS!N5 -> 0 | D32: =DATA_DOWNLOADS!O5 -> 0 | I32: =DATA_DOWNLOADS!C4 -> 0 | J32: =DATA_DOWNLOADS!G3 -> 0 | K32: =DATA_DOWNLOADS!G3/DATA_DOWNLOADS!B7 -> #DIV/0!
C33: =DATA_DOWNLOADS!L5 -> 0 | D33: =DATA_DOWNLOADS!M5 -> 0 | I33: =DATA_DOWNLOADS!D4 -> 0 | J33: =DATA_DOWNLOADS!L3 -> 0 | K33: =DATA_DOWNLOADS!L3/DATA_DOWNLOADS!B7 -> #DIV/0!
C34: =DATA_DOWNLOADS!J5 -> 0 | D34: =DATA_DOWNLOADS!K5 -> 0 | I34: =DATA_DOWNLOADS!E4 -> 0 | J34: =DATA_DOWNLOADS!Q3 -> 0 | K34: =DATA_DOWNLOADS!Q3/DATA_DOWNLOADS!B7 -> #DIV/0!
C35: =DATA_DOWNLOADS!H5 -> 0 | D35: =DATA_DOWNLOADS!I5 -> 0
C36: =DATA_DOWNLOADS!F5 -> 0 | D36: =DATA_DOWNLOADS!G5 -> 0
C37: =DATA_DOWNLOADS!D5 -> 0 | D37: =DATA_DOWNLOADS!E5 -> 0

Sheet Timeliness
D3: MCO/ACPP Encounter Data Scorecard | E3: =DATA_DOWNLOADS!B2 -> 0 | F3: =DATA_DOWNLOADS!D2 -> 0
D4: =DATA_DOWNLOADS!C1 -> 0
D6: See text at bottom for explanation of key terms
D8: Successfully loaded files submitted for last 6 months | F8: Data sourced as of: | H8: =DATA_DOWNLOADS!D1 -> 0
D9: File Name | E9: Zip File Created | F9: Metadata Date Created | G9: Date File Processed | H9: Manual Override | I9: Amendment | J9: Notes
D102: The results in this table will not count towards your performance

Sheet Completeness
C2: MCO/ACPP Encounter Data Scorecard | E2: =DATA_DOWNLOADS!B2 -> 0 | F2: =DATA_DOWNLOADS!D2 -> 0
C3: =DATA_DOWNLOADS!C1 -> 0
H4: File Month of Service | L4: =DATA_DOWNLOADS!F1 -> 0 | R4: =DATA_DOWNLOADS!K1 -> 0 | V4: =DATA_DOWNLOADS!P1 -> 0 | AB4: =DATA_DOWNLOADS!U1 -> 0
H6: Scorecard Submission Month | K6: =DATA_DOWNLOADS!G1 -> 0 | L6: =DATA_DOWNLOADS!H1 -> 0 | M6: =DATA_DOWNLOADS!I1 -> 0 | N6: =DATA_DOWNLOADS!J1 -> 0 | Q6: =DATA_DOWNLOADS!L1 -> 0 | R6: =DATA_DOWNLOADS!M1 -> 0 | S6: =DATA_DOWNLOADS!N1 -> 0 | T6: =DATA_DOWNLOADS!O1 -> 0 | W6: =DATA_DOWNLOADS!Q1 -> 0 | X6: =DATA_DOWNLOADS!R1 -> 0 | Y6: =DATA_DOWNLOADS!S1 -> 0 | Z6: =DATA_DOWNLOADS!T1 -> 0 | AC6: =DATA_DOWNLOADS!V1 -> 0 | AD6: =DATA_DOWNLOADS!W1 -> 0 | AE6: =DATA_DOWNLOADS!X1 -> 0 | AF6: =DATA_DOWNLOADS!Y1 -> 0
C7: See text at bottom for explanation of key terms | H7: Benchmarks Missed: | K7: =DATA_DOWNLOADS!B3 -> 0 | L7: =DATA_DOWNLOADS!C3 -> 0 | M7: =DATA_DOWNLOADS!D3 -> 0 | N7: =DATA_DOWNLOADS!E3 -> 0 | Q7: =DATA_DOWNLOADS!F3 -> 0 | R7: =DATA_DOWNLOADS!G3 -> 0 | S7: =DATA_DOWNLOADS!H3 -> 0 | T7: =DATA_DOWNLOADS!I3 -> 0 | W7: =DATA_DOWNLOADS!J3 -> 0 | X7: =DATA_DOWNLOADS!K3 -> 0 | Y7: =DATA_DOWNLOADS!L3 -> 0 | Z7: =DATA_DOWNLOADS!M3 -> 0 | AC7: =DATA_DOWNLOADS!N3 -> 0 | AD7: =DATA_DOWNLOADS!O3 -> 0 | AE7: =DATA_DOWNLOADS!P3 -> 0 | AF7: =DATA_DOWNLOADS!Q3 -> 0
C8: Data generated on: | D8: =DATA_DOWNLOADS!D1 -> 0
B9: ID | C9: Benchmark | D9: Benchmark Name (Technical) | E9: Field ID | F9: Claim Type | H9: Benchmark Threshold | J9: # of Claims | L9: Performance | P9: # of Claims | R9: Performance | V9: # of Claims | W9: Performance | AB9: # of Claims | AC9: Performance
B123: Note: If benchmark score is within 0.5% of threshold, score rounded up to threshold.

Sheet Failure Claims Listing
C2: MCO/ACPP Encounter Data Scorecard Sample Failure Claims Listing
C3: MCO: | D3: ACPP:
C4: =DATA_DOWNLOADS!B2 -> 0 | D4: =DATA_DOWNLOADS!D2 -> 0
C5: Date of Report:
C6: =DATA_DOWNLOADS!D1 -> 0
C7: Months of Service Contained:
C8: =DATA_DOWNLOADS!F4 -> 0
B10: ID | C10: Benchmark | D10: Claim Number | E10: Claim Suffix | F10: Claim Disposition | G10: From Service Date | H10: Claim Type | I10: ETL Check | J10: Validation Category 1 | K10: Validation Value 1 | L10: Validation Category 2 | M10: Validation Value 2 | N10: Validation Category 3 | O10: Validation Value 3 | P10: Validation Category 4 | Q10: Validation Value 4 | R10: Validation Category 5 | S10: Validation Value 5

Sheet Appendix A
A1: Note: All scorecard calculations exclude void and offset claims.
A2: Measure | B2: Definition
A3: Admission Date | B3: For inpatient and long term care claims (claim types I and L), field is not blank and is less than or equal to discharge date UNLESS discharge date is blank
A4: Source of Admission | B4: For inpatient and long term care claims (claim types I and L), field is not blank and is equal to a value between 1-9 or A-F
A5: Type of Admission | B5: For inpatient and long term care claims (claim types I and L), field is not blank and is equal to a value between 1-9
A6: Allowable Amount | B6: Field is not blank and is greater than or equal to 0
A7: Billed Amount | B7: Field is not blank and is greater than or equal to 0
A8: Net Amount Paid | B8: Field is not blank and is greater than or equal to 0
A9: Billing Provider NPI | B9: Field is not blank or '0', for non-bundled claims (record Indicator <> 0) and non- pharmacy or dental claims
A10: Billing Provider ID | B10: Field is not blank
A11: Billing Provider ID Type | B11: Field is not blank and first digit in the field is a 1, 6, or 9 (NPI, Internal ID, or NABP number)
A12: Claim Category | B12: Field is not blank and first digit is between 1-7
A13: Admitting Diagnosis | B13: For inpatient claims (claim type I) when Type of Bill NOT equal 12, 22, 42, 62, 81, or 82 and field is not blank
... A39: Service Category | B39: Field is not blank

Sheet Appendix B
A1: Description | B1: Claim Type
A2: Facility (except LTC) - Inpatient | B2: I
A3: Facility (except LTC) - Outpatient | B3: O
A4: Professional | B4: M
A5: Dental | B5: D
A6: Vision | B6: M
A7: Prescription Drug | B7: P
A8: LTC (Nursing Home, Chronic Care and Rehab) | B8: L
A12: List B: Select Revenue codes
A13: 250 - GENERAL PHARMACY
A14: 251 - GENERIC DRUGS
A15: 252 - NON GENERIC DRUGS
A16: 253 - TAKE HOME DRUGS
A17: 254 - DRUGS INCIDENT TO OTHER DIAGNOSTIC SERVICES
A18: 255 - DRUGS INCIDENT TO RADIOLOGY
A19: 256 - EXPERIMENTAL DRUGS
A20: 257 - NONPRESCRIPTION DRUGS
A21: 258 - IV SOLUTIONS
A22: 259 - OTHER PHARMACY
A23: 260 - IV THERAPY GENERAL
... A57: 988 - PRO FEE CONSULTATION

Sheet DATA_DOWNLOADS
A1: DATA1_CLM_ACT_HDRS
A2: DATA2_PLAN_ACO | D2: =IF(OR(C2 = "BMC",C2 = "CHA"),"",C2) -> 0
A3: DATA3_MISS_DATA
A4: DATA4_DATE_STRINGS
A5: DATA5_TIMELINESS_COUNTS
A6: DATA6_ACO_NAMES
A7: DATA7_BENCHMARK_COUNT
A8: DATA8_TIMELINESS_STRINGS
